"wp-admin\includes\class-pclzip.php",nano,2627
"wp-admin\includes\class-pclzip.php",eval,4068
"wp-admin\includes\file.php",nano,733
"wp-admin\includes\class-wp-debug-data.php",exec,611
"wp-includes\class-json.php",eval,24
"wp-includes\class-snoopy.php",eval,678
"wp-includes\class-snoopy.php",exec,1018
"wp-includes\rest-api.php",nano,1437
"wp-includes\SimplePie\Parse\Date.php",concat_vars_with_spaces,837
"wp-includes\sodium_compat\autoload.php",assert,54
"wp-includes\Text\Diff\Engine\native.php",assert,96
"wp-includes\Text\Diff\Engine\shell.php",shell_exec,50
"wp-includes\Text\Diff\Engine\shell.php",assert,86
"wp-includes\Text\Diff.php",assert,317
"wp-content\plugins\health-check\includes\class-health-check-debug-data.php",exec,550
"wp-content\plugins\jetpack\modules\custom-css\custom-css\preprocessors\scss.inc.php",nano,1196
"wp-content\plugins\jetpack\modules\sharedaddy\sharing-service.php",nano,45
"wp-content\plugins\jetpack\_inc\lib\class.core-rest-api-endpoints.php",execution,1211
"wp-content\plugins\js_composer\include\classes\core\class-vc-manager.php",system,376
"wp-content\plugins\js_composer\include\classes\shortcodes\vc-column.php",double_var2,67
"wp-content\plugins\js_composer\include\classes\shortcodes\vc-row.php",double_var2,87
"wp-content\plugins\loco-translate\src\package\Bundle.php",system,58
"wp-content\plugins\query-monitor\collectors\environment.php",exec,291
"wp-content\plugins\revslider\includes\InstagramScraper\Instagram.php",double_var2,668
"wp-content\plugins\simple-tags\inc\class.widgets.php",double_var2,99
"wp-content\plugins\woocommerce\includes\admin\class-wc-admin-setup-wizard.php",nano,801
"wp-content\plugins\woocommerce\includes\admin\reports\class-wc-report-sales-by-product.php",execution2,47
"wp-content\plugins\woocommerce\includes\libraries\class-wc-eval-math.php",nano,80
"wp-content\plugins\woocommerce\includes\wc-core-functions.php",nano,1957
"wp-content\plugins\woocommerce\packages\woocommerce-admin\src\API\Reports\DataStore.php",nano,533
"wp-content\plugins\woocommerce\packages\woocommerce-admin\src\ReportCSVExporter.php",nano,122
"wp-content\plugins\wordfence\crypto\vendor\paragonie\random_compat\lib\random_bytes_dev_urandom.php",system,65
"wp-content\plugins\wordfence\lib\wordfenceClass.php",execution,7418
"wp-content\plugins\wordfence\lib\wordfenceClass.php",file_prepend,8953
"wp-content\plugins\wordfence\lib\wordfenceScanner.php",eval,462
"wp-content\plugins\wordfence\vendor\composer\ca-bundle\src\CaBundle.php",base64_long,263
"wp-content\plugins\wordfence\vendor\wordfence\wf-waf\src\lib\json.php",eval,23
"wp-content\plugins\wordfence\waf\bootstrap.php",file_prepend,4
"wp-content\plugins\wordpress-seo-premium\config\composer\actions.php",system,135
"wp-content\plugins\wordpress-seo-premium\config\composer\actions.php",exec,122
"wp-content\plugins\wordpress-seo-premium\premium\classes\redirect\redirect-validator.php",nano,140
"wp-content\plugins\wordpress-seo-premium\src\orm\yoast-orm-wrapper.php",nano,97
"wp-content\plugins\wordpress-seo-premium\vendor_prefixed\guzzlehttp\guzzle\src\Handler\MockHandler.php",nano,69
"wp-content\plugins\wordpress-seo-premium\vendor_prefixed\guzzlehttp\guzzle\src\Handler\StreamHandler.php",nano,83
"wp-content\plugins\wordpress-seo-premium\vendor_prefixed\guzzlehttp\guzzle\src\HandlerStack.php",nano,176
"wp-content\plugins\wordpress-seo-premium\vendor_prefixed\guzzlehttp\promises\src\Promise.php",nano,164
"wp-content\plugins\wordpress-seo-premium\vendor_prefixed\ruckusing\lib\Ruckusing\Adapter\PgSQL\Base.php",system,273
"wp-content\plugins\wordpress-seo-premium\vendor_prefixed\ruckusing\lib\Ruckusing\Adapter\Sqlite3\Base.php",system,249
"wp-content\plugins\wp-mail-smtp\vendor_prefixed\guzzlehttp\guzzle\src\Handler\MockHandler.php",nano,69
"wp-content\plugins\wp-mail-smtp\vendor_prefixed\guzzlehttp\guzzle\src\Handler\StreamHandler.php",nano,84
"wp-content\plugins\wp-mail-smtp\vendor_prefixed\guzzlehttp\guzzle\src\HandlerStack.php",nano,180
"wp-content\plugins\wp-mail-smtp\vendor_prefixed\guzzlehttp\promises\src\Promise.php",nano,164
"wp-content\plugins\wp-mail-smtp\vendor_prefixed\monolog\monolog\src\Monolog\Handler\SyslogHandler.php",syslog,59
"wp-content\plugins\wp-mail-smtp\vendor_prefixed\monolog\monolog\src\Monolog\SignalHandler.php",posix_kill,87
"wp-content\plugins\wp-smush-pro\core\modules\class-lazy.php",system,249
"wp-content\wflogs\config-transient.php",base64_long,0
